A001	遮棚	可立即在仅占一格的牧场里免费建一座马厩。
A002	迁移耕作	立即开垦一块田地。
A003	裁纸刀	从手牌选三张职业，随机抽取其中一张，免职业费用打出。
A004	踢脚板	立即获得与房间数相等的木材；房间多于家人时再加一木。
A005	黏土堤	按库存黏土每满两个获得一个黏土。
A006	储物仓	持有水井、木工坊、陶器坊、编篮坊时，分别立即获得一石、一木、一黏土、一芦苇。
A007	园艺刀	每块谷物田立即给一食物，每块蔬菜田立即给一谷物。
A008	食物篮	立即获得一谷物和一蔬菜。
A009	幼畜市场	立即获得一头牛。
A010	木板棚	只可通过主要发展行动打出；提供一人住房，此后不能翻修。
A011	泥地	打出时得一野猪；每块未播种的田地可养一只野猪。
A012	饮水槽	每个牧场的牲畜容量增加二，与是否有马厩无关。
A013	翻修公司	先获得三黏土，然后可立即翻修一次，免除建材费用。
A014	木匠锤	一次扩建至少两间同材质房屋时，总费用少二芦苇，并少二木、三黏土或四石。
A015	木匠斧	使用木材累积格后，若库存至少七木，可花一木建恰好一座马厩。
A016	夯土	立即得一黏土；建围栏时可用黏土代替木材。
A017	复垦犁	下一次从累积格领取牲畜且全部安置后，可开一块田。
A018	轮犁	整局一次：本轮第一个家人使用开田或耕作格时，可多开两块田。
A019	手犁	当前轮数加五，在那一轮开始时可免费开一块田。
A020	双转犁	立即可开垦至多两块田。
A021	宜居之家	扩建行动开始时若房间已经多于家人，额外获得一次家庭增长行动和一食物。
A022	电报	当前轮数加剩余围栏数，在对应轮额外派出一名供应区家人，仅该轮有效。
A023	石料公司	使用采石场后，额外获得一次主要或次要发展行动，但须支付至少一石。
A024	打谷板	每次使用开田或耕作行动格，额外获得一次烤面包行动。
A025	摇篮	每轮可以再派一名家人到本轮最先使用的非累积格，前提是那里恰好一名家人。
A026	睡眠角	祈愿子嗣行动格即使被一名对手家人占据，你仍可使用。
A027	烤炉场地	得二木，可立即建黏土烤炉或石头烤炉，任一种均只需一黏土加一石。
A028	森林学校	学习职业格对你视为空位；职业费用中的每一食物都可用一木替代。
A029	啤酒长凳	每轮归家阶段可付一谷物换一奖励分；这样做时每位对手获得一食物。
A030	烤盘	每次烤面包时，可另用此卡把恰好一谷物换成二食物和一奖励分。
A031	债券	终局每张主要发展给一奖励分，但最多等于未使用农场格数。
A032	饲槽	牧场占地达到六、七、八、十格时，终局分别得一、二、三、四奖励分。
A033	广阔乡村	每个尚未开始的完整轮次，立即给一奖励分及二食物。
A034	修枝剪	建围栏时可额外花一木并移除库存一根围栏，换二食物及一奖励分。
A035	游泳课	归家时若收回捕鱼格上的家人，每名同时归家的新生儿给二奖励分。
A036	雕花立面	打出时可把食物按一比一换奖励分，最多交换已完成收获的次数。
A037	框锯	每次翻修时可额外付一木，得一奖励分和一谷物。
A038	羊毛毯	终局住房为木屋、黏土屋、石屋时，分别得三、二、零奖励分。
A039	小教堂	提供公共行动格，使用者得三奖励分；对手使用前须先给持有者一谷物。
A040	陶工院	每个未使用农场格放一黏土；该格变为已使用时领取，可立即把这枚黏土换二食物。
A041	蔬菜切片器	每次把壁炉升级为烹饪灶台，得二木和一蔬菜；不追溯先前升级。
A042	林湖小屋	使用捕鱼格额外得一木；使用森林格额外得一食物。
A043	农家肥	一次建至少一座马厩后，在接下来三轮各预留一食物，轮初领取。
A044	池塘小屋	接下来三轮的轮初各领取一食物。
A045	消防池	住房首次不再为木屋时，安排接下来六轮的轮初各领取一食物。
A046	爪刀	每次使用绵羊市场，接下来两轮的轮初各领取一食物。
A047	棚架	按已建围栏根数，从下一轮起连续预留同样轮数的一食物。
A048	刨木架	每次获得木材后，库存达到五木可付一木换三食物；达到七木则必须交换。
A049	鸟巢	准备阶段向非空的芦苇岸增加一芦苇时，你得一食物。
A050	牛奶罐	任何玩家使用牛市场时，你得三食物，其他每位玩家各得一食物。
A051	流网船	每次使用捕鱼格额外得二食物。
A052	投斧	使用木材累积格时，若野猪市场至少有一猪，额外得二食物。
A053	烟斗	本轮工作阶段获得至少七份建材时，归家阶段得二食物。
A054	借贷	立即得五食物；每个没有收获的轮末须付一食物，否则拿一乞讨标记。
A055	杂物间	每次建成发展卡后得一食物，包括此卡本身。
A056	篮子	取木后可把其中二木放回该累积格，换三食物。
A057	挤奶厅	打出时，羊达到一、三、四只，分别得二、三、四食物；牛达到一、二、三头也分别得二、三、四食物，两项相加。
A058	芦笋刀	第八、十、十二轮归家阶段，可从一块蔬菜田取一蔬菜，并可立即换三食物及一奖励分。
A059	培土器	收获蔬菜后，库存至少三菜可把恰好一菜换六食物；至少四菜则必须交换。
A060	东方壁炉	随时可把一菜、一羊、一牛分别换四、三、五食物；烤面包时一谷物换二食物。
A061	扬谷扇	每次收获的田地阶段后，可用烘焙设施把恰好一谷物转为食物；这不算烤面包行动。
A062	啤酒桶	喂养阶段可付一、二或三谷物，均得三食物，并分别得零、一、二奖励分。
A063	荷兰风车	在紧接收获之后的轮次烤面包，每次额外得三食物。
A064	大麦磨坊	收获田地阶段，每块实际收获的谷物田给一食物。
A065	种子丸	每次进行不受限制的播种行动前，先得一谷物。
A066	饲料碟	使用牲畜累积格时，若此前已拥有同类牲畜，得一谷物。
A067	谷物勺	每次使用谷物种子格，额外得一谷物。
A068	芦笋礼物	一次建造围栏根数不少于当前轮数时，得一蔬菜。
A069	大温室	当前轮数加四、七、九，对应轮初各领取一蔬菜。
A070	升降机	不发生收获的轮末，可从一块蔬菜田取一菜进库存，不算田地阶段。
A071	清地铲	随时可将一块至少有两个作物的田中的一个作物，移到一块空田。
A072	钙肥	每次使用采石場，对每块只种一种作物的已播种田补一个同类作物。
A073	农用肥料	一次行动使至少两个未使用农场格变为已使用后，额外获得一次播种行动。
A074	马厩树	一次建至少一座马厩后，接下来三轮轮初各领取一木。
A075	锯木厂	所有发展卡的木材费用减少一。
A076	土坯	每轮工作阶段开始时，若库存有黏土，可付一谷物换二黏土及一食物。
A077	灰斗	立即得一黏土；任何玩家使用野猪市场时，你再得二黏土。
A078	独木舟	每次使用捕鱼格，额外得一食物与一芦苇。
A079	园艺锄	不受限制的播种行动中，若至少一块田种蔬菜，得一黏土和一石。
A080	石钳	每次使用石料累积格，额外得一石。
A081	临时仓库	使用黏土、芦苇、石料累积格时，分别在卡上存一木、一黏土、一芦苇；第七、十一、十四轮初全部领回。
A082	工作凭证	每次使用行动格后，可从至少有四份建材的一个累积格取一份建材。
A083	牧羊钩	每次新围出占地至少四格的牧场，立即在该牧场获得二羊。
A084	青贮饲料	不接收获的归家阶段，可付一谷物，让恰好一种牲畜繁殖；谷物也可从田中拿取。
A085	看家人	若一间黏土或石屋同时邻接田地和牧场，该房间可额外容纳一名家人，仅限一间。
A086	驯兽师	立即选得一木或一谷物；每间房可养一只牲畜，替代全屋仅一只的宠物限制。
A087	保护修缮师	木屋可以直接翻修成石屋，无须先变黏土屋。
A088	围篱工	每次建围栏时，最多三根围栏免木材费用。
A089	马厩规划师	当前轮数加三、六、九，对应轮初各可免费建一座马厩。
A090	犁车夫	住进石屋后，每轮开始可花一食物开一块田。
A091	轮耕者	使用木材累积格时，可额外花三食物开一块田。
A092	养父母	新生儿可付一食物在出生当轮行动；这样做后不再按新生儿喂养。
A093	制床工	每次扩建后，可付一木与一谷物，立即获得一次需要空房的家庭增长行动。
A094	懒播种人	自己回合放弃不受限制的播种行动时，可立即再派一名家人，允许进入已占用行动格。
A095	垂钓者	使用原先至多二食物的捕鱼格后，可额外进行一次主要或次要发展行动。
A096	任务工匠	打出此卡时，以及准备阶段每出现一个石料累积行动格，得一木并获得一次次要发展行动。
A097	新学员	获得烤面包行动时，可改为免费打出一张职业。
A098	马厩建筑师	终局每座没有围栏包围的马厩给一奖励分。
A099	合牧人	终局每个占地至少三格的牧场给二奖励分。
A100	策展人	归家时若至少三名家人从累积格返回，可花一食物买一奖励分。
A101	厨具供应商	终局每张烹饪类发展卡给一奖励分。
A102	杂货商	卡上依次放木、谷物、芦苇、石、菜、黏土、芦苇、菜；随时可花一食物买当前最上层物品。
A103	码头商贩	从食物累积格取一、二、至少三食物时，分别额外得一菜、一谷物、一芦苇。
A104	采木人	收获田地阶段，每个恰好二木的木材累积格给一木，每个至少三木的格给一食物。
A105	推车工	每获得一块新田地板块，得一黏土和一食物。
A106	撒肥工	收获时取走田里最后一个谷物或蔬菜，分别额外得二食物或一食物。
A107	捕手	本轮第一、二、三名家人进入恰好五、四、三份建材的累积格时，分别得一食物。
A108	采蘑菇人	取木后可将一木放回该累积格，换二食物。
A109	小商人	用主要或次要发展行动打出手牌发展卡时，额外得三食物。
A110	抹灰工	一次建至少一间黏土屋，或把黏土屋翻修为石屋，得三食物。
A111	砌墙工	每次扩建至少一间房后，可安排接下来四轮轮初各得一食物。
A112	镰刀工	立即得一谷物；收获田地阶段，每块谷物田可多收一个谷物。
A113	异端教师	每次使用学习职业行动，所有至少有 3 谷物且没有蔬菜的田地各获 1 蔬菜，置于谷物下方。
A114	季节工	使用临时劳作格额外得一谷物；从第六轮起可改选一蔬菜。
A115	林务长	每次使用木材累积格，额外获得只播一块田的播种行动。
A116	伐木工	每次使用木材累积格，额外得一木。
A117	搬木工	打出时，每张已在面前的发展卡给一木。
A118	树园工	每次收获田地阶段得一木，并可再以每木一食物买至多二木。
A119	拾柴人	使用开田、谷物种子、谷物利用或耕作格，该回合结束时得一木。
A120	黏土屋建筑工	住房不再是木屋时，接下来五轮轮初各得二黏土。
A121	黏土捣工	打出此卡，以及每次使用学习职业格或黏土坑之后，各得一黏土。
A122	平锅面包师	每次使用谷物利用格，额外得二黏土和一木。
A123	框架工	扩建每间房或翻修每次行动，可用一木替代恰好二黏土或二石，各限一次。
A124	打石工	使用第五至第七轮位置上的行动卡前，先得一石。
A125	牧师	打出时若恰好住两间黏土屋，得三黏土、二芦苇、二石。
A126	工头	使用第一、二、三、四轮位置上的行动卡前，分别先得一木、一黏土、一芦苇、一石。
A127	寄宿者	提供一人住房，至第九轮归家阶段结束；届时没有其他空房安置，该家人移出游戏。
A128	河岸建筑工	对手使用芦苇岸时，你可付费建一间房；黏土屋少付一黏土，石屋少付二石。
A129	流浪汉	使用农场扩建或谷物种子格后，同一名家人可立即再用另一个格，即使已被占用。
A130	恋母男孩	每轮一次，从第三名家人起，可进入本轮第二名家人的行动格再使用一次。
A131	手艺教师	每次建成木工坊、陶器坊或编篮坊后，可免职业费用打出至多两张职业。
A132	酒馆老板	对手进行不受限制的播种前，可给他一谷物，自己得一奖励分。
A133	吹牛者	终局有至少五、六、七、八、九、十张发展时，分别得二、三、四、五、七、九奖励分。
A134	丰产农夫	立即得一木和一黏土；终局每个达到满容量的牧场给一奖励分。
A135	畜牧官	尚余至少一、三、六、九个完整轮次时，立即得一、二、三、四木；终局每位玩家各类牲畜均有至少二、三、四只，分别得一、三、五奖励分。
A136	劳务官	尚余至少一、三、六、九个完整轮次时，立即得一、二、三、四木；终局每位玩家四类建材均有至少一、二、三份，分别得一、三、五奖励分。
A137	河畔牧羊人	使用绵羊市场或芦苇岸时，可再从另一个格取一份物品，若有。
A138	鱼叉手	使用捕鱼格时，可花一木，获得等同家人数的食物及一芦苇。
A139	洼地看守	打出时立即获得建壁炉的主要发展行动；此后使用洼地格额外得一食物。
A140	持铲人	使用黏土坑或洼地时，额外得等同另一个格当前黏土数量的食物。
A141	芜菁农夫	每轮归家开始时，若临时劳作与谷物种子两格都有人，得一蔬菜。
A142	制绳工	任何人从芦苇岸取至少二芦苇时，你可选得一谷物，或付二食物买一蔬菜。
A143	石匠	发展卡、每间扩建房屋及每次翻修的石料费用各减少一。
A144	保管员	卡上放三芦苇及四黏土；此后最先拥有三牧场者领三芦苇，最先拥有五田地板块者领四黏土。
A145	搓绳人	每次收获结束得一芦苇。
A146	仓库管事	从食物累积格恰好取二、三、四、五食物时，分别额外得一石、一芦苇、一黏土、一木；六份以上无奖励。
A147	牲畜商	使用绵羊、野猪或牛市场时，可花一食物再买一只同类牲畜。
A148	养毛羊人	此卡可养的羊数等于已经完成的喂养阶段数。
A149	驻场艺人	使用旅行艺人格时，额外获得一次扩建行动；这次每间房少付一芦苇。
A150	舞台工	对手使用旅行艺人格时，你可选进行建围栏、建马厩或扩建行动之一。
A151	吟游诗人	归家开始时，若第一至第四轮的行动卡中恰好仅一张空着，可使用该行动格。
A152	夜校生	归家阶段若无人从学习职业格回来，你可花一食物打出一张职业。
A153	养猪户	打出此卡后，首次养到五头野猪时立即得三奖励分。
A154	发薪人	对手使用食物累积格时，可给他一谷物，自己得一奖励分。
A155	魔术师	每次使用旅行艺人格，额外得一木和一谷物。
A156	采购员	对手使用芦苇、石、羊、猪累积格时，可给他一食物，从供应区得一份同类物品。
A157	波西米亚人	归家开始时，只要至少一个学习职业格空着，得一食物。
A158	烹饪艺术家	对手使用旅行艺人格时，可选把一谷物、一羊或一菜分别换四、五、七食物。
A159	海边木匠	对手使用捕鱼或芦苇岸时，可给他一木，自己分别从供应区得二或三食物。
A160	鲁特琴手	对手使用旅行艺人格时，得一食物和一木，随后可花二食物买一菜。
A161	小块地看守	使用累积格时，若本轮已经使用过另一个同类物品的累积格，额外得一蔬菜。
A162	森林记账员	森林和黏土坑都有家人时，可把两格之间的空隙作为自己的行动格，获得二黏土及三木。
A163	建筑专家	本轮第一至第五名家人使用资源市场时，分别额外得一木、一黏土、一芦苇、一石、一石。
A164	木工	从累积格取木时，可把一木放回该格，换一羊。
A165	野猪饲养员	立即得一野猪；第十二轮末，若空间足够，野猪额外繁殖一次。
A166	晒草人	每次收获前可买一牛，费用为四食物减牧场数，最低零。
A167	育种采购员	同一回合既扩建木屋、黏土屋或石屋，又建至少一马厩，分别得一羊、一猪或一牛。
A168	畜牧教师	每次使用学习职业格后，可选花零、一、二食物买一羊、一猪、一牛。
B001	优裕生活	立即得五黏土，并可进行一次翻修，仍须支付翻修费用。
B002	迷你牧场	立即在一格农场上免费围牧场；已有牧场时，新牧场须相邻。
B003	私酿酒	随机抽一张手中职业，可付二食物打出，或交给左邻玩家。
B004	木材堆	立即获得木材，数量等于自己当前在累积格上的家人数。
B005	经验仓	手中剩零至四、五、六、七张职业时，分别立即得一石、一芦苇、一黏土、一木。
B006	采石之旅	立即获得与家人数相等的石料。
B007	工资	立即得二食物；每拥有一张公共主要发展板下排的卡，再加一食物。
B008	市集摊位	立即获得一蔬菜。
B009	打谷杆	立即可选得一芦苇，或付一芦苇换一牛。
B010	篷车	提供一名家人的住房空间。
B011	饲养场	此卡按牧场数提供同样数量的牲畜位置，可以混养；每次繁殖后，卡上每个空位给一食物。
B012	畜场	此卡可养至多三只同类牲畜，不视为牧场。
B013	木匠作坊	扩建每间木屋只需二木和二芦苇。
B014	鹰塔	第十二轮开始时，若已住石屋，可免费扩建一间石屋；否则失去这次机会。
B015	木匠工作台	使用木材累积格后，可只用此次取得的木材围出恰好一个牧场，其中一根围栏免费。
B016	矿锤	立即得一食物；每次翻修时，可免费建一座马厩。
B017	森林犁	使用木材累积格时，可把二木放回该格，开垦一块田。
B018	草地耙	当前轮数加库存建材总数，对应轮开始时可开一块田。
B019	铧式犁	整局两次：使用开田行动格时，可额外开一块田。
B020	链式浮犁	当前轮数加七、八、九，对应轮初各可开一块田。
B021	干草阁	卡上放四食物，每次取得至少一谷物便领取一个；取空时获得一次无需住房的家庭增长行动。
B022	步行靴	立即得二食物，并从供应区额外派一名家人；下次归家时将此人移出游戏。
B023	最终情景	提前取得第十四轮行动卡，直到其正式入场前仅供你使用。
B024	套索	可连续派恰好两名家人，但其中至少一人须使用羊、猪或牛市场。
B025	面包铲	立即得一食物；以后每打出一张职业，额外获得一次烤面包行动。
B026	农田围栏	使用谷物利用格时，可把其中一项行动换为建围栏。
B027	工具箱	工作阶段某回合建成房间、马厩或围栏后，可立即建木工坊、陶器坊或编篮坊。
B028	林业研习	使用森林格后，可把二木放回该格，免费打出一张职业。
B029	烹饪课	同一回合既使用学习职业格又使用烹饪设施，得一奖励分。
B030	木栅栏	农场外边缘的围栏位置可用二木替代一根围栏，这种围栏位置每个值一奖励分。
B031	陶艺院	终局若至少有两个正交相邻的未使用农场格，得二奖励分；空地扣分照常。
B032	煮锅	随时可把一、三、五谷物换成三、四、五食物，并分别得零、一、二奖励分。
B033	壁炉架	每个尚余完整轮次立即给一奖励分；此后不可翻修。
B034	特别饲料	下一次从累积格取牲畜并全部安置后，每只本次取得的牲畜给一奖励分。
B035	钩刀	饲养羊达到门槛时，一次性获 2 奖励分；1/2/3/4/5/6 人局门槛分别为 9/8/7/6/5/5 只。
B036	瓶子	打出此卡还须按家人数，每人额外付一黏土及一食物。
B037	田庄	打出此卡立即获得一食物。
B038	未来工地	在其他所有格子用完前，不可使用与住房正交相邻的空地。
B039	织布机	收获田地阶段，至少一、四、七羊分别给一、二、三食物；终局每三羊给一奖励分。
B040	酿酒池	使用捕鱼或芦苇岸时，额外得一谷物和一木。
B041	林牧地	接下来四轮交替安排二木与一野猪，首次先领哪一种由你选择。
B042	森林旅店	提供公共行动格，可用五、七、九木分别换八木与二、四、七食物；对手使用前须给持有者一食物。
B043	排骨馆	使用谷物种子格后，接下来三轮各领一食物；使用蔬菜种子格后则为两轮。
B044	雏鸡舍	当前轮数加三和四，对应轮初各领取二食物。
B045	草莓园	接下来三轮轮初各领取一食物。
B046	会所	接下来四轮轮初各领取一食物，再下一轮领取一石。
B047	鲱鱼锅	每次使用捕鱼格，接下来三轮轮初各领取一食物。
B048	森林石	卡上先放二食物；使用木材累积格领走其中一份，使用石料累积格则再存二食物。
B049	天平	每次在面前放下职业或发展卡后，若两类数量相等，得二食物。
B050	黄油搅桶	收获田地阶段，每三羊给一食物，每二牛再给一食物。
B051	挖掘铲	使用黏土累积格时，额外得等同农场野猪数量的食物。
B052	扩张农场	牧场格数不少于已完成轮数才能打出；立即得等同当前轮数的食物。
B053	雕塑课	不收获的轮末，可选把一木换二食物，或一石换四食物。
B054	倾卸车	立即得二食物；每次完成不受限制的播种后，每座马厩给一食物。
B055	维护奖励	卡上放三食物；使用木材累积格时领取一个；每次翻修后补回三食物。
B056	小溪	每次使用行动板上捕鱼格正上方四格之一，额外得一食物。
B057	洗碗间	每轮开始时，若仍住木屋，获得一食物。
B058	缝隙除草器	立即得一食物；收获田地阶段每从田中取得一蔬菜，额外得一食物。
B059	食物箱	通过主要发展行动格打出时立即得四食物；其他方式打出得二食物。
B060	酿酒水	使用捕鱼格时可付一谷物，安排接下来六轮轮初各得一食物。
B061	三圃轮作	收获田地阶段开始时，若至少各有一块谷物田、蔬菜田、空田，得三食物。
B062	草叉	使用谷物种子格时，若开田格已被占用，额外得三食物。
B063	品尝	使用学习职业格时，可在支付职业费用前把一谷物换四食物。
B064	水车轮	使用谷物利用格时，若捕鱼格已有人，额外得二食物。
B065	谷仓库	此卡用木、黏土或石支付时，分别安排接下来二、三、四轮轮初各得一谷物。
B066	手推袋车	尚未到来的第五、八、十一、十四轮，轮初各领取一谷物。
B067	搬运车	每次烤面包前，自己每名站在累积格上的家人给一谷物。
B068	豆田	此卡视为田地，但仅可种植蔬菜。
B069	陶工市场	随时可付四黏土与二食物，安排接下来两轮轮初各领取一蔬菜。
B070	新购置	收获轮开始前，可各买一次：二食物买一谷物，四食物买一蔬菜。
B071	收获小屋	打出时若已完成收获次数等于已打出职业数，立即各得一食物、一谷物、一蔬菜。
B072	热爱耕作	占地一或二格的牧场可播种，播种后也视为田地，牲畜容量分别减少一或二。
B073	礼品篮	打出时恰好有二、三、四、五间房，分别得一蔬菜、一食物、一谷物、一蔬菜。
B074	密林	每个尚未到来的偶数轮，轮初领取一木。
B075	木工室	每次打出或建造发展卡前，先得一木。
B076	天花板	接下来五轮轮初各得一木；下次翻修时，尚未领取的木材全部取消。
B077	壤土坑	每次使用临时劳作格，额外得三黏土。
B078	芦苇带	尚未到来的第五、八、十、十二轮，轮初各得一芦苇。
B079	矿筐	任何玩家从累积格取得至少三石时，你从供应区得一石。
B080	硬瓷	随时可用二、三、四黏土，分别换一、二、三石。
B081	手拉车	每轮工作前，可从达到六木、五黏土、四芦苇或四石的一个累积格，取一份对应建材。
B082	保值资产	每次收获后可选买一份：一食物买一木或一黏土，二食物买一芦苇或一石。
B083	泥水坑	从底到顶放野猪、食物、牛、食物、羊；随时可花一黏土取最上层一份物品。
B084	橡果篮	接下来两轮轮初各领取一野猪。
B085	农场帮工	拥有二乘二排列的四块田地后，可用建马厩行动在中央建一座特殊马厩；提供一人住房，不养牲畜。
B086	松露猎人	此卡可养的野猪数等于已完成的喂养阶段数。
B087	小屋农夫	使用临时劳作格时，可额外付费扩建恰好一间房，或翻修住房。
B088	定居者	住房恰好两间时，立即免费翻修；若进行了翻修，可紧接着建围栏。
B089	马夫	立即得一木；住石屋后每轮开始可花一木建恰好一座马厩。
B090	合作犁手	使用开田格时，若谷物种子格有人，可额外开一块田。
B091	助耕工	每次使用临时劳作格，可额外开一块田。
B092	编棒人	从第五轮起，使用绵羊市场时可额外进行需要空房的家庭增长行动。
B093	知己	从库存取食物，预放在接下来二、三或四轮，每轮一个；届时领回并选择播种或建围栏。
B094	牲畜保护人	使用围栏格前得二木；该次围栏行动后可立即再派一名家人。
B095	砌砖师傅	建主要发展时，石料费用减少已扩建的房间数，不计初始两间。
B096	树场木匠	接下来两个奇数轮的轮初，各领一木，随后可进行一次次要发展行动。
B097	学者	住石屋后，每轮开始可花一食物打职业，或正常付费打次要发展。
B098	有机农夫	终局每个至少有一只牲畜、且仍能再装至少三只的牧场，给一奖励分。
B099	导师	终局每张在此卡之后打出的职业给一奖励分。
B100	收藏杂物者	终局每张在此卡后打出的、效果提及累积格的卡，给一奖励分。
B101	家具木匠	每次收获时，只要任何玩家拥有木工坊或其升级版，可花二食物买一奖励分。
B102	顾问	一、二、三、四人局打出时，分别立即得二谷物、三黏土、二芦苇、二羊。
B103	田地商	立即得一木和一芦苇；放弃次要发展行动可得一食物，放弃主要发展行动可得一蔬菜。
B104	赶羊人	随时可把一羊换成一野猪、一蔬菜或一石。
B105	箱匠	打出时，食物、谷物、蔬菜、芦苇、木材中，库存已经至少二份的种类各再得一份。
B106	道德倡导者	每轮开始前，若未来轮次格上还有预定给你的物品，获得一食物。
B107	男仆	住进石屋后，在所有剩余轮次预放三食物，轮初领取。
B108	烧炉童	每次使用木材累积格，额外获得一次烤面包行动。
B109	造纸工	此卡之后每次打职业前，可付一木，获得等同已打出职业数的食物。
B110	铺路工	准备阶段结束时，若库存至少一石，得一食物；第十四轮改为一蔬菜。
B111	乡土匠	每扩建一间黏土屋，得二食物和一奖励分；翻修及建石屋不触发。
B112	筒仓守卫	使用最近一次收获前刚揭开的行动卡时，额外得一谷物。
B113	田块照料者	打出时可选花一食物买一谷物，或三食物买一蔬菜；此卡也作为田地。
B114	无子者	每轮开始时，若至少三间房但仅两名家人，得一食物并任选一谷物或一菜。
B115	白铁匠	没有马厩的每个牧场容量加一；每次播种可在每块田多放一个同类作物。
B116	岸边林夫	打出时得一木；准备阶段向原本空的芦苇岸补一芦苇时，也得一木。
B117	线人	立即得一木；每轮工作结束后，若库存石多于黏土，再得一木。
B118	小农	只要住房恰好两间，每轮开始获得一木。
B119	伐木人	立即得一木；按已建围栏根数，在接下来同样轮数的轮初各得一木。
B120	扫灰工	使用最新揭开的行动卡左侧那张行动卡前，先得二黏土。
B121	地质学家	使用森林或芦苇岸时，额外得一黏土；三人以上也适用于黏土坑。
B122	矿物学家	使用黏土累积格额外得一石；使用石料累积格额外得一黏土。
B123	屋顶压石工	打出时可付一食物，获得与房间数相同的石料。
B124	修整工	每个工作阶段中，在新圈入至少一格土地后得二石，拆分已有牧场不触发。
B125	庄园工	接下来四轮轮初依次领取一木、一黏土、一芦苇、一石。
B126	木匠	每间新房只需三份对应材质的建材及二芦苇。
B127	诱惑者	第五轮起打出此卡时，可付一石、一谷物、一蔬菜、一羊，立即进行无需住房的家庭增长。
B128	水管工	每次使用主要发展格后，可翻修一次，少付二黏土或二石。
B129	邻座	第十三轮位置上的行动格被左右邻居的家人占用时，你仍可使用。
B130	全能农夫	使用谷物利用或围栏格后，若另一个格空着，可付一食物，让同一家人再用另一个格。
B131	装备师	每次使用木材累积格后，可打出一张次要发展，照常付费。
B132	庄园主	农场没有未使用格后，每收获一个蔬菜得一奖励分。
B133	村庄农夫	计分开始时，获得蔬菜，数量等于主要发展、次要发展、职业三类已打出数量中的最小值。
B134	家谱管家	打出此卡后，在第十三、十二、第十一轮或更早翻修成石屋，分别得一、二、三食物及同样奖励分。
B135	营养专家	每轮开始可付任一种牲畜一只、一谷物及一蔬菜，换五食物和二奖励分。
B136	房屋管家	尚余至少一、三、六、九个完整轮次，立即得一、二、三、四木；终局房间最多的所有玩家各得三奖励分。
B137	批发商	卡上放一菜、一猪、一石、一牛；使用第八至第十一轮位置上的行动卡时，领取对应物品。
B138	森林守护人	立即得二木；对手从一个累积格取至少五木前，须先给你一食物。
B139	森林科学家	归家时若行动板上没有木材，得一食物；从第五轮起改得二食物。
B140	农院工	本轮工作阶段若曾把至少一份物品放到自己的农场格上，阶段结束得二食物。
B141	田地看护者	打出时可付零、一、三黏土，分别得一、二、三谷物；此卡也作为田地。
B142	蔬菜商	每次使用谷物种子格，额外得一蔬菜。
B143	黏土看守	对手使用洼地格时，你得一黏土；三人局再加一黏土，四人局再加一食物。
B144	烧炭工	使用黏土坑或洼地后得一木；黏土坑还额外给一芦苇。
B145	灌木收集者	扩建或翻修时，可用总共一木替代所需的一或二芦苇。
B146	幻术师	使用建材累积格时，可弃手中恰好一张卡，额外得一份该格对应建材。
B147	猎人	使用木材累积格后，可花一谷物获得一野猪。
B148	宠物经纪	立即得一羊；面前每张职业卡都可养一羊。
B149	露天农夫	打出时可从供应区永久移除三座马厩，以总共二木围出一个占两格的牧场。
B150	大农场主	使用农场扩建或主要发展格后，若另一个格无人，可付一食物，由同一家人再用另一个格。
B151	小佃农	立即得一石；只要住恰好两间木屋，除集会场外的行动格对你都视为未占用。
B152	青年艺人	使用临时劳作格后，可付一食物，让同一家人再用未占用的旅行艺人或学习职业格。
B153	房屋总管	终局把自己主要发展分值相加，其中最低的一张计两次；总数至少五、七、九、十一时，分别得一、二、三、四奖励分。
B154	牧羊看守	少于七羊才可打出；整局一次，养到七羊时得三奖励分和二食物。
B155	美术教师	立即得一木及一芦苇；支付职业费用时，可使用旅行艺人格累积的食物。
B156	仓储保管员	每次使用资源市场，额外任选一黏土或一谷物。
B157	盐渍工	随时可支付一羊、一猪或一牛，分别安排接下来三、五、七轮轮初各得一食物。
B158	地区经理	一个工作阶段内同时用过森林格与小树林格，阶段结束得五食物。
B159	中将	对手新放置与已有田地相邻的田地板块时，你得一食物；第十四轮改得一谷物。
B160	酒吧老板	打出时立即得一谷物；每轮工作结束，若森林、黏土坑、芦苇岸都有人，再得一谷物。
B161	弱者	工作阶段轮到你时，若至少一个累积格有五份以上物品，而你没选这样的格，得一蔬菜。
B162	清林工	从木材累积格恰好取得二、三、四木时，额外得一木，并分别再得一、零、一食物。
B163	教区牧师	整局一次，当你成为唯一仍住两间房的玩家，立即得三木、二黏土、一芦苇、一石。
B164	羊语者	当前轮数加二、五、八、十，对应轮初各得一羊。
B165	野味供应者	每次收获前，可从不同田地弃一、三、四谷物，分别得一、二、三野猪。
B166	喂牛人	每次使用谷物种子格，可再花一食物获得一牛。
B167	马厩士官	打出时可花二食物，得到一羊、一猪、一牛，但必须能全部安置。
B168	牧场主	每次翻修，得二食物；每个有马厩的牧场再得一只该牧场饲养的牲畜。
